FMTNAME,VALUE,LABEL,LENGTH
ABUSEINVESTIGATION,1,Yes,3
ABUSEINVESTIGATION,2,No,3
ABUSEREPORT,1,Yes,3
ABUSEREPORT,2,No,3
ALCOHOLSCREEN,1,Yes,3
ALCOHOLSCREEN,2,No,3
ANGIOGRAPHY,1,None,27
ANGIOGRAPHY,2,Angiogram only,27
ANGIOGRAPHY,3,Angiogram with embolization,27
BEDSIZE,1,<= 200,7
BEDSIZE,2,201-400,7
BEDSIZE,3,401-600,7
BEDSIZE,4,> 600,7
BIU,1,Not Applicable BIU 1,28
BIU,2,Not Known/Not Recorded BIU 2,28
BLOODMEASURE,1,Units,9
BLOODMEASURE,2,CCs (MLs),9
CAREGIVERATDISCHARGE,1,Yes,3
CAREGIVERATDISCHARGE,2,No,3
CHILDSPECIFICRESTRAINT,1,Child Car Seat,18
CHILDSPECIFICRESTRAINT,2,Infant Car Seat,18
CHILDSPECIFICRESTRAINT,3,Child Booster Seat,18
CRYOPRECIPITATEMEASURE,1,Units,9
CRYOPRECIPITATEMEASURE,2,CCs (MLs),9
DEATHINED,1,Arrived with NO signs of life,29
DEATHINED,2,Arrived with signs of life,29
EDDISCHARGEDISPOSITION,1,"Floor bed (general admission, non-specialty unit
bed",53
EDDISCHARGEDISPOSITION,2,Observation unit (unit that provides < 24 hour
stays),53
EDDISCHARGEDISPOSITION,3,Telemetry/step-down unit (less acuity than ICU),53
EDDISCHARGEDISPOSITION,4,Home with services,53
EDDISCHARGEDISPOSITION,5,Deceased/expired,53
EDDISCHARGEDISPOSITION,6,"Other (jail, institutional care, mental health, etc.)",53
EDDISCHARGEDISPOSITION,7,Operating Room,53
EDDISCHARGEDISPOSITION,8,Intensive Care Unit (ICU),53
EDDISCHARGEDISPOSITION,9,Home without services,53
EDDISCHARGEDISPOSITION,10,Left against medical advice,53
EDDISCHARGEDISPOSITION,11,Transferred to another hospital,53
EMSGCSEYE,1,No eye movement when assessed,45
EMSGCSEYE,2,Opens eyes in response to painful stimulation,45
EMSGCSEYE,3,Opens eyes in response to verbal stimulation,45
EMSGCSEYE,4,Opens eyes spontaneously,45
EMSGCSMOTOR,1,No motor response,60
EMSGCSMOTOR,2,Extension to pain,60
EMSGCSMOTOR,3,Flexion to pain,60
EMSGCSMOTOR,4,Withdrawal from pain,60
EMSGCSMOTOR,5,Localizing pain,60
EMSGCSMOTOR,6,Appropriate response to stimulation (P) | Obeys commands (A),60
EMSGCSVERBAL,1,No vocal response (P) | No verbal response (A),73
EMSGCSVERBAL,2,"Inconsolable, agitated (P) | Incomprehensible sounds (A)",73
EMSGCSVERBAL,3,"Inconsistently consolable, moaning (P) | Inappropriate words (A)",73
EMSGCSVERBAL,4,"Cries but is consolable, inappropriate interactions (P) | Confused (A)",73
EMSGCSVERBAL,5,"Smiles, oriented to sounds, follows objects, interacts (P) | Oriented (A)",73
ETHNICITY,1,Hispanic or Latino,22
ETHNICITY,2,Not Hispanic or Latino,22
GCSEYE,1,No eye movement when assessed,45
GCSEYE,2,Opens eyes in response to painful stimulation,45
GCSEYE,3,Opens eyes in response to verbal stimulation,45
GCSEYE,4,Opens eyes spontaneously,45
GCSMOTOR,1,No motor response,60
GCSMOTOR,2,Extension to pain,60
GCSMOTOR,3,Flexion to pain,60
GCSMOTOR,4,Withdrawal from pain,60
GCSMOTOR,5,Localizing pain,60
GCSMOTOR,6,Appropriate response to stimulation (P) | Obeys commands (A),60
GCSVERBAL,1,No vocal response (P) | No verbal response (A),73
GCSVERBAL,2,"Inconsolable, agitated (P) | Incomprehensible sounds (A)",73
GCSVERBAL,3,"Inconsistently consolable, moaning (P) | Inappropriate words (A)",73
GCSVERBAL,4,"Cries but is consolable, inappropriate interactions (P) | Confused (A)",73
GCSVERBAL,5,"Smiles, oriented to sounds, follows objects, interacts (P) | Oriented (A)",73
HMRRHGCTRLSURGTYPE,1,None,38
HMRRHGCTRLSURGTYPE,2,Laparotomy,38
HMRRHGCTRLSURGTYPE,3,Thoracotomy,38
HMRRHGCTRLSURGTYPE,4,Sternotomy,38
HMRRHGCTRLSURGTYPE,5,Extremity,38
HMRRHGCTRLSURGTYPE,6,Neck,38
HMRRHGCTRLSURGTYPE,7,Mangled extremity/traumatic amputation,38
HMRRHGCTRLSURGTYPE,8,Other skin/soft tissue,38
HOSPDISCHARGEDISPOSITION,1,Discharged/Transferred to a short-term general hospital for inpatient care,96
HOSPDISCHARGEDISPOSITION,2,Discharged/Transferred to an Intermediate Care Facility (ICF),96
HOSPDISCHARGEDISPOSITION,3,Discharged/Transferred to home under care of organized home health service,96
HOSPDISCHARGEDISPOSITION,4,Left against medical advice or discontinued care,96
HOSPDISCHARGEDISPOSITION,5,Deceased/Expired,96
HOSPDISCHARGEDISPOSITION,6,Discharged to home or self-care (routine discharge),96
HOSPDISCHARGEDISPOSITION,7,Discharged/Transferred to Skilled Nursing Facility (SNF),96
HOSPDISCHARGEDISPOSITION,8,Discharged/Transferred to hospice care,96
HOSPDISCHARGEDISPOSITION,10,Discharged/Transferred to court/law enforcement.,96
HOSPDISCHARGEDISPOSITION,11,Discharged/Transferred to inpatient rehab or designated unit,96
HOSPDISCHARGEDISPOSITION,12,Discharged/Transferred to Long Term Care Hospital (LTCH),96
HOSPDISCHARGEDISPOSITION,13,Discharged/Transferred to a psychiatric hospital or psychiatric distinct part unit of a hospital,96
HOSPDISCHARGEDISPOSITION,14,Discharged/Transferred to another type of institution not defined elsewhere,96
HOSPITALTYPE,1,For Profit,10
HOSPITALTYPE,2,Non-profit,10
HOSPITALTYPE,3,Government,10
INTENT,1,Unintentional,14
INTENT,2,Self-inflicted,14
INTENT,3,Assault,14
INTENT,4,Undetermined,14
INTENT,5,Other,14
INTERFACILITYTRANSFER,1,Yes,3
INTERFACILITYTRANSFER,2,No,3
MECHANISM,1,Cut/pierce,43
MECHANISM,2,Drowning/submersion,43
MECHANISM,3,Fall,43
MECHANISM,4,Fire/flame,43
MECHANISM,5,Hot object/substance,43
MECHANISM,6,Firearm,43
MECHANISM,7,Machinery,43
MECHANISM,8,MVT Occupant,43
MECHANISM,9,MVT Motorcyclist,43
MECHANISM,10,MVT Pedal cyclist,43
MECHANISM,11,MVT Pedestrian,43
MECHANISM,12,MVT Unspecified,43
MECHANISM,13,MVT Other,43
MECHANISM,14,"Pedal cyclist, other",43
MECHANISM,15,"Pedestrian, other",43
MECHANISM,16,"Transport, other",43
MECHANISM,17,"Natural/environmental,  Bites and stings",43
MECHANISM,18,"Natural/environmental,  Other",43
MECHANISM,19,Overexertion,43
MECHANISM,20,Poisoning,43
MECHANISM,21,"Struck by, against",43
MECHANISM,22,Suffocation,43
MECHANISM,23,Other specified and classifiable,43
MECHANISM,24,"Other specified, not elsewhere classifiable",43
MECHANISM,25,Unspecified,43
MECHANISM,26,"Adverse effects, medical care",43
MECHANISM,27,"Adverse effects, drugs",43
PATIENTSOCCUPATION,1,Business and Financial Operations Occupations,50
PATIENTSOCCUPATION,2,Architecture and Engineering Occupations,50
PATIENTSOCCUPATION,3,Community and Social Services Occupations,50
PATIENTSOCCUPATION,4,"Education, Training, and Library Occupations",50
PATIENTSOCCUPATION,5,Healthcare Practitioners and Technical
Occupations,50
PATIENTSOCCUPATION,6,Protective Service Occupations,50
PATIENTSOCCUPATION,7,Building and Grounds Cleaning and Maintenance,50
PATIENTSOCCUPATION,8,Sales and Related Occupations,50
PATIENTSOCCUPATION,9,"Farming, Fishing, and Forestry Occupations",50
PATIENTSOCCUPATION,10,"Installation, Maintenance, and Repair
Occupations",50
PATIENTSOCCUPATION,11,Transportation and Material Moving Occupations,50
PATIENTSOCCUPATION,12,Management Occupations,50
PATIENTSOCCUPATION,13,Computer and Mathematical Occupations,50
PATIENTSOCCUPATION,14,"Life, Physical, and Social Science Occupations",50
PATIENTSOCCUPATION,15,Legal Occupations,50
PATIENTSOCCUPATION,16,"Arts, Design, Entertainment, Sports, and Media",50
PATIENTSOCCUPATION,17,Healthcare Support Occupations,50
PATIENTSOCCUPATION,18,Food Preparation and Serving Related,50
PATIENTSOCCUPATION,19,Personal Care and Service Occupations,50
PATIENTSOCCUPATION,20,Office and Administrative Support Occupations,50
PATIENTSOCCUPATION,21,Construction and Extraction Occupations,50
PATIENTSOCCUPATION,22,Production Occupations,50
PATIENTSOCCUPATION,23,Military Specific Occupations,50
PEDIATRICVERIFICATIONLEVEL,1,I - Level I Pediatric Trauma Center,37
PEDIATRICVERIFICATIONLEVEL,2,II - Level II Pediatric Trauma Center,37
PLASMAMEASURE,1,Units,9
PLASMAMEASURE,2,CCs (MLs),9
PLATELETSMEASURE,1,Units,9
PLATELETSMEASURE,2,CCs (MLs),9
PREHOSPITALCARDIACARREST,1,Yes,3
PREHOSPITALCARDIACARREST,2,No,3
PRIMARYMETHODPAYMENT,1,Medicaid,28
PRIMARYMETHODPAYMENT,2,Not Billed (for any reason),28
PRIMARYMETHODPAYMENT,3,Self-Pay,28
PRIMARYMETHODPAYMENT,4,Private/Commercial Insurance,28
PRIMARYMETHODPAYMENT,6,Medicare,28
PRIMARYMETHODPAYMENT,7,Other Government,28
PRIMARYMETHODPAYMENT,10,Other,28
PTOCCUPATIONALINDUSTRY,1,"Finance, Insurance, and Real Estate",35
PTOCCUPATIONALINDUSTRY,2,Manufacturing,35
PTOCCUPATIONALINDUSTRY,3,Retail Trade,35
PTOCCUPATIONALINDUSTRY,4,Transportation and Public Utilities,35
PTOCCUPATIONALINDUSTRY,5,"Agriculture, Forestry, Fishing",35
PTOCCUPATIONALINDUSTRY,6,Professional and Business Services,35
PTOCCUPATIONALINDUSTRY,7,Education and Health Services,35
PTOCCUPATIONALINDUSTRY,8,Construction,35
PTOCCUPATIONALINDUSTRY,9,Government,35
PTOCCUPATIONALINDUSTRY,10,Natural Resources and Mining,35
PTOCCUPATIONALINDUSTRY,11,Information Services,35
PTOCCUPATIONALINDUSTRY,12,Wholesale Trade,35
PTOCCUPATIONALINDUSTRY,13,Leisure and Hospitality,35
PTOCCUPATIONALINDUSTRY,14,Other Services,35
RESPIRATORYASSISTANCE,1,Unassisted Respiratory Rate,27
RESPIRATORYASSISTANCE,2,Assisted Respiratory Rate,27
SEX,1,Male,6
SEX,2,Female,6
STATEDESIGNATION,1,I,14
STATEDESIGNATION,2,II,14
STATEDESIGNATION,3,III,14
STATEDESIGNATION,4,IV,14
STATEDESIGNATION,6,Other,14
STATEDESIGNATION,7,Not applicable,14
STATEPEDIATRICDESIGNATION,1,I,14
STATEPEDIATRICDESIGNATION,2,II,14
STATEPEDIATRICDESIGNATION,3,III,14
STATEPEDIATRICDESIGNATION,4,IV,14
STATEPEDIATRICDESIGNATION,5,Not Applicable,14
STATEPEDIATRICDESIGNATION,6,Other,14
SUPPLEMENTALOXYGEN,1,No Supplemental Oxygen,22
SUPPLEMENTALOXYGEN,2,Supplemental Oxygen,22
TBIGCSMOTOR,1,No motor response,60
TBIGCSMOTOR,2,Extension to pain,60
TBIGCSMOTOR,3,Flexion to pain,60
TBIGCSMOTOR,4,Withdrawal from pain,60
TBIGCSMOTOR,5,Localizing pain,60
TBIGCSMOTOR,6,Appropriate response to stimulation (P) | Obeys commands (A),60
TBIMIDLINESHIFT,1,Yes,30
TBIMIDLINESHIFT,2,No,30
TBIMIDLINESHIFT,3,"Not Imaged (e.g. CT Scan, MRI)",30
TBIPUPILLARYRESPONSE,1,Both reactive,16
TBIPUPILLARYRESPONSE,2,One reactive,16
TBIPUPILLARYRESPONSE,3,Neither reactive,16
TRANSPORTMODE,1,Ground Ambulance,30
TRANSPORTMODE,2,Helicopter Ambulance,30
TRANSPORTMODE,3,Fixed-wing Ambulance,30
TRANSPORTMODE,4,Private/Public Vehicle/Walk-in,30
TRANSPORTMODE,5,Police,30
TRANSPORTMODE,6,Other,30
TRAUMATYPE,1,Blunt,45
TRAUMATYPE,2,Penetrating,45
TRAUMATYPE,3,Burn,45
TRAUMATYPE,4,Other/unspecified,45
TRAUMATYPE,9,Activity Code - Not Valid as a Primary E-Code,45
VERIFICATIONLEVEL,1,I - Level I Trauma Center,29
VERIFICATIONLEVEL,2,II - Level II Trauma Center,29
VERIFICATIONLEVEL,3,III - Level III Trauma Center,29
VTEPROPHYLAXISTYPE,1,Heparin,44
VTEPROPHYLAXISTYPE,5,None,44
VTEPROPHYLAXISTYPE,6,"LMWH (Dalteparin, Enoxaparin, etc.)",44
VTEPROPHYLAXISTYPE,7,"Direct Thrombin Inhibitor (Dabigatran, etc.)",44
VTEPROPHYLAXISTYPE,8,"Xa Inhibitor (Rivaroxaban, etc.)",44
VTEPROPHYLAXISTYPE,9,Coumadin,44
VTEPROPHYLAXISTYPE,10,Other,44
WITHDRAWALLST,1,Yes,3
WITHDRAWALLST,2,No,3
WORKRELATED,1,Yes,3
WORKRELATED,2,No,3
YN,.N,NA,3
YN,.U,Unk,3
YN,0,No,3
YN,1,Yes,3
YN,2,No,3
